{
     "display": {
        "gui": {
            "rotation": [ 90, 45, 0 ],
            "translation": [ 0, 0, 0],
            "scale":[ 0.8, 0.8, 0.8 ]
        },
        "ground": {
            "rotation": [ 0, 0, 0 ],
            "translation": [ 0, 3, 0],
            "scale":[ 0.5, 0.5, 0.5 ]
        },
        "fixed": {
            "rotation": [ 0, 0, 0 ],
            "translation": [ 0, 0, 0],
            "scale":[ 0.5, 0.5, 0.5 ]
        },
        "thirdperson_righthand": {
            "rotation": [ 75, 45, 0 ],
            "translation": [ 0, 2.5, 0],
            "scale": [ 0.375, 0.375, 0.375 ]
        },
        "firstperson_righthand": {
            "rotation": [ 0, 45, 0 ],
            "translation": [ 0, 2.0, 0 ],
            "scale": [ 0.60, 0.60, 0.60 ]
        },
        "firstperson_lefthand": {
            "rotation": [ 0, 225, 0 ],
            "translation": [ 0, 2.0, 0 ],
            "scale": [ 0.60, 0.60, 0.60 ]
        }
    },
    "elements": [
        {
            "name": "Plate",
            "from": [ 2.0, 6.0, 2.0 ], 
            "to": [ 14.0, 6.4, 14.0 ], 
            "faces": {
                "north": { "texture": "#0", "uv": [ 0.0, 0.0, 12.0, 0.4 ] },
                "east": { "texture": "#0", "uv": [ 0.0, 0.0, 12.0, 0.4 ] },
                "south": { "texture": "#0", "uv": [ 0.0, 0.0, 12.0, 0.4 ] },
                "west": { "texture": "#0", "uv": [ 0.0, 0.0, 12.0, 0.4 ] },
                "up": { "texture": "#0", "uv": [ 0.0, 0.0, 12.0, 12.0 ] },
                "down": { "texture": "#0", "uv": [ 0.0, 0.0, 12.0, 12.0 ] }
            }
        }
    ]
}